Time (s),ESC signal (µs),Thrust (gf)
0,0,0
0,0,0
0.017645,0,0
0.033745,0,0
0.04902,0,0
0.06394,0,0
0.08027,0,0
0.0976,0,0
0.11395,0,0.267907833
0.130235,0,0.267907833
0.150975,0,0.267907833
0.16761,0,0.267907833
0.18401,0,0.267907833
0.201155,0,0.267907833
0.21719,0,0.267907833
0.23304,0,0.267907833
0.2524,0,0.267907833
0.268045,0,0.403433494
0.28298,0,0.403433494
0.299175,0,0.403433494
0.315,0,0.403433494
0.332315,0,0.403433494
0.348295,0,0.403433494
0.364,0,0.403433494
0.38018,0,0.403433494
0.401605,0,0.403433494
0.43818,0,0.3614211
0.454085,0,0.3614211
0.47024,0,0.3614211
0.48757,0,0.3614211
0.504525,0,0.3614211
0.520085,0,0.3614211
0.53603,0,0.3614211
0.553475,0,0.3614211
0.56922,0,0.042795021
0.58542,0,0.042795021
0.60301,0,0.042795021
0.61812,0,0.042795021
0.633285,0,0.042795021
0.65156,0,0.042795021
0.66718,0,0.042795021
0.68201,0,0.042795021
0.69718,0,0.042795021
0.71321,0,-0.088225552
0.73181,0,-0.088225552
0.75027,0,-0.088225552
0.76618,0,-0.088225552
0.78109,0,-0.088225552
0.802595,0,-0.088225552
0.82075,0,-0.088225552
0.8364,0,-0.088225552
0.852155,0,-0.088225552
0.867305,0,-0.154301195
0.882225,0,-0.154301195
0.898755,0,-0.154301195
0.914395,0,-0.154301195
0.93121,0,-0.154301195
0.94684,0,-0.154301195
0.96231,0,-0.154301195
0.9808,0,-0.154301195
0.996875,0,-0.154301195
1.01254,0,0.018207322
1.028445,0,0.018207322
1.044345,0,0.018207322
1.060395,0,0.018207322
1.07945,0,0.018207322
1.094305,0,0.018207322
1.110375,0,0.018207322
1.128505,0,0.018207322
1.146075,0,0.018207322
1.162345,0,0.209686057
1.178905,0,0.209686057
1.194335,0,0.209686057
1.209365,0,0.209686057
1.22445,0,0.209686057
1.24068,0,0.209686057
1.256685,0,0.209686057
1.272505,0,0.209686057
1.28752,0,0.209686057
1.304665,0,0.209686057
1.320975,0,0.304932178
1.33893,0,0.304932178
1.357385,0,0.304932178
1.37289,0,0.304932178
1.3885,0,0.304932178
1.4055,0,0.304932178
1.421995,0,0.304932178
1.437655,0,0.304932178
1.456945,0,0.304932178
1.47354,0,0.342019336
1.489615,0,0.342019336
1.50545,0,0.342019336
1.520625,0,0.342019336
1.53665,0,0.342019336
1.554065,0,0.342019336
1.569745,0,0.342019336
1.585525,0,0.342019336
1.60305,0,0.342019336
1.620275,0,0.356802331
1.635525,0,0.356802331
1.653175,0,0.356802331
1.66853,0,0.356802331
1.683595,0,0.356802331
1.701035,0,0.356802331
1.71662,0,0.356802331
1.732405,0,0.356802331
1.747535,0,0.356802331
1.76367,0,-0.079699167
1.783145,0,-0.079699167
1.798825,0,-0.079699167
1.81481,0,-0.079699167
1.83075,0,-0.079699167
1.84581,0,-0.079699167
1.86178,0,-0.079699167
1.880045,0,-0.079699167
1.89737,0,-0.079699167
1.91374,0,-0.269122796
1.930605,0,-0.269122796
1.94845,0,-0.269122796
1.96384,0,-0.269122796
1.980165,0,-0.269122796
1.9958,0,-0.269122796
2.010515,0,-0.269122796
2.02769,0,-0.269122796
2.042805,0,-0.269122796
2.05869,0,-0.163068606
2.074585,0,-0.163068606
2.089775,0,-0.163068606
2.107085,0,-0.163068606
2.12286,0,-0.163068606
2.13876,0,-0.163068606
2.154715,0,-0.163068606
2.16983,0,-0.163068606
2.18576,0,-0.163068606
2.2027,0,-0.163068606
2.217895,0,0.75435066
2.232795,0,0.75435066
2.24772,0,0.75435066
2.26533,0,0.75435066
2.28246,0,0.75435066
2.29777,0,0.75435066
2.313765,0,0.75435066
2.33006,0,0.75435066
2.34775,0,0.75435066
2.36384,0,0.271078133
2.37895,0,0.271078133
2.394885,0,0.271078133
2.41095,0,0.271078133
2.43017,0,0.271078133
2.44591,0,0.271078133
2.46188,0,0.271078133
2.479305,0,0.271078133
2.494945,0,0.271078133
2.50987,0,0.405997219
2.529145,0,0.405997219
2.54593,0,0.405997219
2.561585,0,0.405997219
2.57896,0,0.405997219
2.59673,0,0.405997219
2.6119,0,0.405997219
2.62801,0,0.405997219
2.643865,0,0.405997219
2.660665,0,0.209480017
2.67807,0,0.209480017
2.693155,0,0.209480017
2.708875,0,0.209480017
2.72644,0,0.209480017
2.743175,0,0.209480017
2.760965,0,0.209480017
2.77871,0,0.209480017
2.79389,0,0.209480017
2.809995,0,0.36141661
2.827655,0,0.36141661
2.844005,0,0.36141661
2.859965,0,0.36141661
2.87801,0,0.36141661
2.89415,0,0.36141661
2.91159,0,0.36141661
2.927145,0,0.36141661
2.94209,0,0.36141661
2.95808,0,0.23123896
2.97624,0,0.23123896
2.99211,0,0.23123896
3.008075,0,0.23123896
3.02633,0,0.23123896
3.044805,0,0.23123896
3.06226,0,0.23123896
3.08137,0,0.23123896
3.098075,0,0.23123896
3.114145,0,0.175144129
3.131975,0,0.175144129
3.14826,0,0.175144129
3.164255,0,0.175144129
3.18159,0,0.175144129
3.19724,0,0.175144129
3.21411,0,0.175144129
3.23035,0,0.175144129
3.245175,0,0.175144129
3.261255,0,-0.044472638
3.27966,0,-0.044472638
3.29533,0,-0.044472638
3.31115,0,-0.044472638
3.32787,0,-0.044472638
3.3444,0,-0.044472638
3.36027,0,-0.044472638
3.378995,0,-0.044472638
3.39416,0,-0.044472638
3.40918,0,-0.157698662
3.42421,0,-0.157698662
3.44032,0,-0.157698662
3.456255,0,-0.157698662
3.476875,0,-0.157698662
3.49341,0,-0.157698662
3.50826,0,-0.157698662
3.524475,0,-0.157698662
3.54254,0,-0.157698662
3.55928,0,-0.205516587
3.576555,0,-0.205516587
3.5923,0,-0.205516587
3.607145,0,-0.205516587
3.622245,0,-0.205516587
3.63837,0,-0.205516587
3.656285,0,-0.205516587
3.672465,0,-0.205516587
3.68745,0,-0.205516587
3.706785,0,0.114799899
3.722455,0,0.114799899
3.73841,0,0.114799899
3.75545,0,0.114799899
3.77193,0,0.114799899
3.787485,0,0.114799899
3.805845,0,0.114799899
3.821515,0,0.114799899
3.837505,0,0.114799899
3.85478,0,0.303211256
3.871945,0,0.303211256
3.887405,0,0.303211256
3.90298,0,0.303211256
3.919595,0,0.303211256
3.93542,0,0.303211256
3.95286,0,0.303211256
3.96838,0,0.303211256
3.9847,0,0.303211256
4.002625,0,0.330478538
4.022205,0,0.330478538
4.041025,0,0.330478538
4.05753,0,0.330478538
4.07363,0,0.330478538
4.089795,0,0.330478538
4.10621,0,0.330478538
4.121785,0,0.330478538
4.13801,0,0.330478538
4.1566,0,0.307887924
4.172885,0,0.307887924
4.188725,0,0.307887924
4.207145,0,0.307887924
4.22264,0,0.307887924
4.237515,0,0.307887924
4.255585,0,0.307887924
4.271525,0,0.307887924
4.286615,0,0.307887924
4.303895,0,0.122079444
4.31976,0,0.122079444
4.335755,0,0.122079444
4.35317,0,0.122079444
4.370055,0,0.122079444
4.385715,0,0.122079444
4.40308,0,0.122079444
4.41891,0,0.122079444
4.433505,0,0.122079444
4.44928,0,0.12572671
4.465625,0,0.12572671
4.482435,0,0.12572671
4.498795,0,0.12572671
4.51481,0,0.12572671
4.53293,0,0.12572671
4.54885,0,0.12572671
4.56487,0,0.12572671
4.58154,0,0.12572671
4.59701,0,0.12572671
4.61287,0,0.113806185
4.62894,0,0.113806185
4.645245,0,0.113806185
4.66079,0,0.113806185
4.67771,0,0.113806185
4.694445,0,0.113806185
4.709815,0,0.113806185
4.726115,0,0.113806185
4.74192,0,0.113806185
4.758725,0,0.122217769
4.775735,0,0.122217769
4.79267,0,0.122217769
4.80762,0,0.122217769
4.82288,0,0.122217769
4.83888,0,0.122217769
4.85683,0,0.122217769
4.872875,0,0.122217769
4.888945,0,0.122217769
4.905265,0,0.112993131
4.92113,0,0.112993131
4.936875,0,0.112993131
4.954195,0,0.112993131
4.970055,0,0.112993131
4.9857,0,0.112993131
5.003455,0,0.112993131
5.021485,0,0.112993131
5.03716,0,0.112993131
5.05396,0,0.139993104
5.069915,0,0.139993104
5.08591,0,0.139993104
5.10385,0,0.139993104
5.119,0,0.139993104
5.13495,0,0.139993104
5.15281,0,0.139993104
5.16891,0,0.139993104
5.18744,0,0.139993104
5.203025,0,-0.141045452
5.218995,0,-0.141045452
5.23492,0,-0.141045452
5.251255,0,-0.141045452
5.267025,0,-0.141045452
5.28195,0,-0.141045452
5.29701,0,-0.141045452
5.312165,0,-0.141045452
5.327485,0,-0.141045452
5.344615,0,-0.141045452
5.360185,0,-0.053904
5.37881,0,-0.053904
5.394125,0,-0.053904
5.41,0,-0.053904
5.4264,0,-0.053904
5.44218,0,-0.053904
5.458325,0,-0.053904
5.47415,0,-0.053904
5.489175,0,-0.053904
5.50691,0,-0.22683039
5.52202,0,-0.22683039
5.53824,0,-0.22683039
5.557005,0,-0.22683039
5.573035,0,-0.22683039
5.58933,0,-0.22683039
5.60547,0,-0.22683039
5.621325,0,-0.22683039
5.637035,0,-0.22683039
5.653715,0,-0.092458217
5.67132,0,-0.092458217
5.68744,0,-0.092458217
5.7033,0,-0.092458217
5.71925,0,-0.092458217
5.73508,0,-0.092458217
5.75044,0,-0.092458217
5.7665,0,-0.092458217
5.782505,0,-0.092458217
5.79849,0,-0.197138676
5.814555,0,-0.197138676
5.83251,0,-0.197138676
5.84831,0,-0.197138676
5.864225,0,-0.197138676
5.881325,0,-0.197138676
5.89724,0,-0.197138676
5.91336,0,-0.197138676
5.92924,0,-0.197138676
5.945345,0,0.149985901
5.96026,0,0.149985901
5.97767,0.1269,0.149985901
5.994805,0.6924,0.149985901
6.011395,1.5477,0.149985901
6.02656,2.5536,0.149985901
6.04253,3.5079,0.149985901
6.05859,4.4067,0.149985901
6.074405,5.37,0.149985901
6.09031,6.3156,0.149985901
6.107,7.2801,0.039836065
6.12237,8.2737,0.039836065
6.13827,9.1941,0.039836065
6.15628,10.152,0.039836065
6.172355,11.3133,0.039836065
6.187445,12.1956,0.039836065
6.20249,13.0983,0.039836065
6.218355,14.1126,0.039836065
6.23351,14.9523,0.039836065
6.248275,15.8622,0.210432019
6.264395,16.7475,0.210432019
6.27971,17.7138,0.210432019
6.29541,18.6342,0.210432019
6.31177,19.5747,0.210432019
6.32766,20.5578,0.210432019
6.34261,21.6306,0.210432019
6.35917,22.4094,0.210432019
6.376575,23.4012,0.210432019
6.392275,24.5397,0.072267857
6.40756,25.3866,0.072267857
6.423455,26.3052,0.072267857
6.439385,27.2568,0.072267857
6.45467,28.215,0.072267857
6.47204,29.166,0.072267857
6.50653,31.2825,0.072267857
6.52259,32.2437,0.072267857
6.53961,33.2076,0.072267857
6.5567,34.2345,0.237316408
6.57269,35.2566,0.237316408
6.58878,36.2184,0.237316408
6.604795,37.1802,0.237316408
6.619595,38.1372,0.237316408
6.63609,39.0258,0.237316408
6.65252,40.0182,0.237316408
6.668005,41.1159,0.237316408
6.68352,41.9442,0.237316408
6.698595,42.8619,-0.32482302
6.713595,43.7664,-0.32482302
6.72996,44.6736,-0.32482302
6.74577,45.6933,-0.32482302
6.761695,46.5978,-0.32482302
6.778135,47.6109,-0.32482302
6.7957,48.612,-0.32482302
6.829465,50.6394,-0.32482302
6.845555,51.7422,-0.129314449
6.861585,52.5861,-0.129314449
6.87667,53.547,-0.129314449
6.89165,54.5169,-0.129314449
6.906705,55.3491,-0.129314449
6.92269,56.295,-0.129314449
6.93871,57.2121,-0.129314449
6.956205,58.1757,-0.129314449
6.97185,59.3046,-0.129314449
6.98772,60.1728,-0.129314449
7.00319,61.1181,-0.0437108
7.01865,62.1912,-0.0437108
7.033845,62.97,-0.0437108
7.050195,63.8844,-0.0437108
7.065685,64.8663,-0.0437108
7.08224,65.7939,-0.0437108
7.09774,66.7908,-0.0437108
7.114285,67.7214,-0.0437108
7.129985,68.7756,-0.0437108
7.14471,69.7128,5.868757063
7.160725,70.5333,5.868757063
7.176925,71.5038,5.868757063
7.191725,72.537,5.868757063
7.206715,73.3539,5.868757063
7.22286,74.3001,5.868757063
7.238915,75.2229,5.868757063
7.255,76.1868,5.868757063
7.27148,77.1927,5.868757063
7.287955,78.2037,5.868757063
7.30546,79.1304,14.22832699
7.3221,80.2224,14.22832699
7.33699,81.1794,14.22832699
7.353235,82.0701,14.22832699
7.3689,83.1525,14.22832699
7.383925,83.9844,14.22832699
7.399885,84.8871,14.22832699
7.414895,85.8426,14.22832699
7.4325,86.7444,14.22832699
7.448945,87.882,23.48371569
7.46486,88.7874,23.48371569
7.480755,89.7435,23.48371569
7.497165,90.7467,23.48371569
7.513115,91.6818,23.48371569
7.529135,92.6385,23.48371569
7.545215,93.7335,23.48371569
7.561015,94.5714,23.48371569
7.57722,95.5152,23.48371569
7.59453,96.5649,32.57171093
7.609945,97.5315,32.57171093
7.628075,98.4522,32.57171093
7.64388,99.5913,32.57171093
7.659955,100.4862,32.57171093
7.677885,101.448,32.57171093
7.69289,102.5517,32.57171093
7.70908,103.4232,32.57171093
7.723955,104.3946,32.57171093
7.74009,105.2883,42.59134999
7.756585,106.2552,42.59134999
7.772135,107.3319,42.59134999
7.788065,108.1878,42.59134999
7.80524,109.1358,42.59134999
7.819995,110.2101,42.59134999
7.834995,111.0528,42.59134999
7.85332,111.951,42.59134999
7.86906,113.0661,42.59134999
7.88413,113.9928,42.59134999
7.899965,114.9015,52.74717984
7.91645,115.848,52.74717984
7.93453,116.9013,52.74717984
7.95001,117.927,52.74717984
7.96607,118.8501,52.74717984
7.981915,119.8143,52.74717984
7.99717,120.774,52.74717984
8.013235,121.6815,52.74717984
8.03071,122.6457,52.74717984
8.0465,123.7464,61.24684751
8.06254,124.6473,61.24684751
8.08278,125.6097,61.24684751
8.09812,126.9174,61.24684751
8.11432,127.7406,61.24684751
8.13026,128.7105,61.24684751
8.145205,129.714,61.24684751
8.16143,130.5654,61.24684751
8.17746,131.5431,61.24684751
8.19308,132.618,70.83416064
8.20923,133.4367,70.83416064
8.224345,134.4036,70.83416064
8.24072,135.3114,70.83416064
8.256975,136.3587,70.83416064
8.272425,137.3181,70.83416064
8.288225,138.1974,70.83416064
8.304375,139.1472,70.83416064
8.3201,140.2332,70.83416064
8.33516,141.06,78.71633755
8.35128,141.9597,78.71633755
8.367235,143.0208,78.71633755
8.38241,143.8857,78.71633755
8.39979,144.7977,78.71633755
8.41629,145.8984,78.71633755
8.4328,146.8278,78.71633755
8.448205,147.8217,78.71633755
8.463395,148.743,78.71633755
8.480065,149.6559,78.71633755
8.496285,150.7044,87.12336015
8.512255,151.629,87.12336015
8.529705,152.5854,87.12336015
8.545525,153.6915,87.12336015
8.564045,154.5885,87.12336015
8.58022,155.7714,87.12336015
8.596465,156.7344,87.12336015
8.61237,157.6434,87.12336015
8.63009,158.5971,87.12336015
8.645275,159.7056,95.56821535
8.661265,160.5765,95.56821535
8.678925,161.5278,95.56821535
8.69433,162.7371,95.56821535
8.710385,163.5114,95.56821535
8.730265,164.4756,95.56821535
8.746325,165.9423,95.56821535
8.761485,166.6383,95.56821535
8.77833,167.5395,95.56821535
8.79444,168.6924,104.2032291
8.810575,169.5225,104.2032291
8.82641,170.4921,104.2032291
8.84346,171.4485,104.2032291
8.860505,172.5354,104.2032291
8.877545,173.496,104.2032291
8.895725,174.6591,104.2032291
8.9142,175.6038,104.2032291
8.93186,176.7072,104.2032291
8.94764,177.7758,112.9188426
8.96357,178.7118,112.9188426
8.98139,179.6697,112.9188426
8.997615,180.7773,112.9188426
9.013595,181.7115,112.9188426
9.02998,182.67,112.9188426
9.04775,183.705,112.9188426
9.081005,185.6568,112.9188426
9.09705,186.7662,120.3112384
9.11269,187.6776,120.3112384
9.130115,188.6199,120.3112384
9.145685,189.7146,120.3112384
9.16065,190.5924,120.3112384
9.177125,191.4903,120.3112384
9.1925,192.5553,120.3112384
9.209195,193.4022,120.3112384
9.2246,194.4057,120.3112384
9.24081,195.3312,128.7048179
9.25661,196.299,128.7048179
9.272795,197.2902,128.7048179
9.288775,198.2253,128.7048179
9.30505,199.1829,128.7048179
9.32055,200.1963,128.7048179
9.33672,201.0834,128.7048179
9.35329,202.0563,128.7048179
9.372235,203.1456,128.7048179
9.387515,204.2529,135.833916
9.40281,205.1034,135.833916
9.4186,206.151,135.833916
9.434635,206.9676,135.833916
9.449615,207.9303,135.833916
9.46471,208.8282,135.833916
9.48087,209.7339,135.833916
9.49683,210.7119,135.833916
9.512615,211.662,135.833916
9.53141,212.6109,135.833916
9.54823,213.8358,143.6435712
9.563925,214.7652,143.6435712
9.580895,215.6883,143.6435712
9.597265,216.7644,143.6435712
9.614085,217.6947,143.6435712
9.629885,218.6979,143.6435712
9.64591,219.6915,143.6435712
9.661805,220.6092,143.6435712
9.67781,221.5656,143.6435712
9.6956,222.6831,151.0726948
9.71106,223.5912,151.0726948
9.727615,224.514,151.0726948
9.74282,225.6228,151.0726948
9.75802,226.4202,151.0726948
9.773885,227.3334,151.0726948
9.789875,228.2835,151.0726948
9.80632,229.2432,151.0726948
9.822125,230.2344,151.0726948
9.83776,231.1782,158.7841341
9.856945,232.116,158.7841341
9.87276,233.3661,158.7841341
9.88976,234.2166,158.7841341
9.90633,235.2375,158.7841341
9.921845,236.2371,158.7841341
9.93682,237.162,158.7841341
9.955095,238.065,158.7841341
9.97096,239.2029,158.7841341
9.986815,240.108,166.1686373
10.00368,241.0599,166.1686373
10.02147,242.1948,166.1686373
10.03787,243.2058,166.1686373
10.052885,244.1262,166.1686373
10.068275,245.1741,166.1686373
10.084325,245.9508,166.1686373
10.100225,246.912,166.1686373
10.115105,247.8672,166.1686373
10.13048,248.7609,175.6583862
10.146085,249.717,175.6583862
10.162085,250.617,175.6583862
10.17927,251.5761,175.6583862
10.19489,252.7953,175.6583862
10.211145,253.5444,175.6583862
10.228815,254.5248,175.6583862
10.2441,255.6984,175.6583862
10.260245,256.4964,175.6583862
10.28019,257.4657,175.6583862
10.29606,258.6936,182.7282474
10.312065,259.6149,182.7282474
10.327545,260.5746,182.7282474
10.345615,261.6189,182.7282474
10.361025,262.59,182.7282474
10.377815,263.5113,182.7282474
10.393165,264.6435,182.7282474
10.40913,265.4418,182.7282474
10.42408,266.4009,182.7282474
10.4391,267.2961,188.9785011
10.455305,268.1982,188.9785011
10.470225,269.2113,188.9785011
10.48528,270.0648,188.9785011
10.505255,270.969,188.9785011
10.520175,272.2677,188.9785011
10.53622,273.0672,188.9785011
10.55199,274.0239,188.9785011
10.568325,275.0517,188.9785011
10.58446,275.9535,194.0918554
10.600255,276.9234,194.0918554
10.615245,277.9722,194.0918554
10.631705,278.7672,194.0918554
10.647355,279.7599,194.0918554
10.665155,280.6932,194.0918554
10.680925,281.8347,194.0918554
10.697455,282.7701,194.0918554
10.714195,283.6983,194.0918554
10.730985,284.7051,200.7536584
10.74715,285.7128,200.7536584
10.76214,286.6803,200.7536584
10.778235,287.5788,200.7536584
10.794255,288.6588,200.7536584
10.809235,289.5087,200.7536584
10.82818,290.4069,200.7536584
10.844205,291.6627,200.7536584
10.85929,292.5039,200.7536584
10.87631,293.4102,200.7536584
10.89225,294.5307,208.1053906
10.90726,295.3869,208.1053906
10.922385,296.2884,208.1053906
10.93833,297.1935,208.1053906
10.954485,298.1532,208.1053906
10.970635,299.1207,208.1053906
10.98943,300.1302,208.1053906
11.005915,301.2909,208.1053906
11.02149,302.3979,208.1053906
11.037775,303.2103,216.7259826
11.05442,304.122,216.7259826
11.070495,305.2896,216.7259826
11.08648,306.0915,216.7259826
11.10314,307.0479,216.7259826
11.11862,308.181,216.7259826
11.134485,308.97,216.7259826
11.152565,309.9213,216.7259826
11.16754,311.0688,216.7259826
11.183935,311.9049,224.6671733
11.199455,312.8889,224.6671733
11.21546,313.8159,224.6671733
11.23185,314.7786,224.6671733
11.24742,315.765,224.6671733
11.263775,316.6956,224.6671733
11.279795,317.6811,224.6671733
11.295515,318.6858,224.6671733
11.31308,319.5816,224.6671733
11.330005,320.7006,231.9554524
11.34547,321.6918,231.9554524
11.36043,322.5792,231.9554524
11.376665,323.4771,231.9554524
11.392445,324.5196,231.9554524
11.40864,325.3971,231.9554524
11.42358,326.3721,231.9554524
11.438565,327.2658,231.9554524
11.4551,328.1748,231.9554524
11.472105,329.1972,231.9554524
11.4874,330.2403,237.8726552
11.502705,331.0965,237.8726552
11.518485,332.136,237.8726552
11.53473,332.9601,237.8726552
11.55082,333.9348,237.8726552
11.56682,335.0043,237.8726552
11.582715,335.8647,237.8726552
11.598225,336.8172,237.8726552
11.61456,337.749,237.8726552
11.632025,338.7402,244.583247
11.64756,339.864,244.583247
11.66275,340.7049,244.583247
11.678125,341.6172,244.583247
11.69353,342.7134,244.583247
11.708785,343.4634,244.583247
11.724635,344.3781,244.583247
11.73971,345.3288,244.583247
11.755105,346.2336,244.583247
11.770835,347.2002,244.583247
11.787195,348.1044,251.784079
11.80332,349.0893,251.784079
11.818625,350.1657,251.784079
11.83476,350.9682,251.784079
11.85185,351.9381,251.784079
11.867635,353.0754,251.784079
11.882785,353.9088,251.784079
11.89779,354.8199,251.784079
11.91266,355.7196,251.784079
11.93049,356.6112,258.1069949
11.947255,357.7293,258.1069949
11.96275,358.7481,258.1069949
11.97786,359.6196,258.1069949
11.993925,360.6399,258.1069949
12.010715,361.4961,258.1069949
12.026785,362.4954,258.1069949
12.04283,363.5307,258.1069949
12.05803,364.4217,258.1069949
12.07394,365.3376,264.7548346
12.088985,366.2898,264.7548346
12.108375,367.2054,264.7548346
12.124735,368.4735,264.7548346
12.14091,369.3363,264.7548346
12.157135,370.305,264.7548346
12.172815,371.2878,264.7548346
12.188885,372.2193,264.7548346
12.205465,373.1868,264.7548346
12.220875,374.2311,264.7548346
12.23688,375.1044,272.6175401
12.253035,376.0668,272.6175401
12.270555,377.1618,272.6175401
12.28645,378.1497,272.6175401
12.30509,379.0383,272.6175401
12.320895,380.2038,272.6175401
12.336345,381.1107,272.6175401
12.352735,382.0332,272.6175401
12.36887,383.1297,272.6175401
12.38492,383.9832,278.7810094
12.40193,384.9456,278.7810094
12.417965,386.0682,278.7810094
12.435695,386.9295,278.7810094
12.453105,387.9984,278.7810094
12.46889,389.1567,278.7810094
12.484895,389.9832,278.7810094
12.504465,390.9441,278.7810094
12.519865,392.1513,278.7810094
12.535965,393.0453,285.4134223
12.55233,394.0089,285.4134223
12.56806,395.0748,285.4134223
12.583415,395.9343,285.4134223
12.601105,396.858,285.4134223
12.61759,397.9893,285.4134223
12.63357,398.9082,285.4134223
12.648965,399.8748,285.4134223
12.665215,400.7889,285.4134223
12.682055,401.7702,292.2707129
12.6972,402.8538,292.2707129
12.71338,403.6854,292.2707129
12.729245,404.6535,292.2707129
12.74533,405.7653,292.2707129
12.76299,406.6464,292.2707129
12.781045,407.6424,292.2707129
12.797585,408.8742,292.2707129
12.815905,409.7082,292.2707129
12.83222,410.8176,299.4076764
12.84811,411.7866,299.4076764
12.864115,412.7379,299.4076764
12.88046,413.6988,299.4076764
12.89618,414.726,299.4076764
12.913915,415.6233,299.4076764
12.93036,416.7507,299.4076764
12.94609,417.7137,299.4076764
12.962245,418.6194,299.4076764
12.978225,419.5902,306.3942169
12.994395,420.6729,306.3942169
13.010165,421.5168,306.3942169
13.02653,422.4612,306.3942169
13.042115,423.5169,306.3942169
13.0578,424.3779,306.3942169
13.075115,425.3262,306.3942169
13.09164,426.4476,306.3942169
13.10791,427.3548,306.3942169
13.12419,428.3418,313.9344637
13.139325,429.303,313.9344637
13.1551,430.2114,313.9344637
13.170375,431.2002,313.9344637
13.18658,432.0738,313.9344637
13.20302,433.0575,313.9344637
13.21923,434.1585,313.9344637
13.236785,435.0039,313.9344637
13.252255,436.0614,313.9344637
13.26825,437.0649,313.9344637
13.283115,437.9466,320.8637867
13.299105,438.8388,320.8637867
13.31419,439.7964,320.8637867
13.33026,440.7024,320.8637867
13.3462,441.7068,320.8637867
13.362265,442.6233,320.8637867
13.377655,443.5875,320.8637867
13.39498,444.6249,320.8637867
13.411295,445.554,320.8637867
13.42655,446.5302,324.2817221
13.442225,447.5169,324.2817221
13.457405,448.383,324.2817221
13.473235,449.295,324.2817221
13.48923,450.2451,324.2817221
13.50597,451.2057,324.2817221
13.521415,452.2551,324.2817221
13.536215,453.1362,324.2817221
13.554135,454.023,324.2817221
13.570315,455.2701,328.479017
13.58545,456.0741,328.479017
13.60193,456.9798,328.479017
13.617455,458.0442,328.479017
13.63332,458.8992,328.479017
13.649365,459.8502,328.479017
13.66443,460.8123,328.479017
13.680455,461.7231,328.479017
13.69549,462.7338,328.479017
13.71306,463.5942,328.479017
13.728295,464.7012,336.6007288
13.744295,465.6816,336.6007288
13.760505,466.5096,336.6007288
13.777025,467.4813,336.6007288
13.793435,468.5394,336.6007288
13.809475,469.4574,336.6007288
13.82453,470.4228,336.6007288
13.83949,471.3225,336.6007288
13.85496,472.2213,336.6007288
13.87301,473.1963,342.2436598
13.8883,474.3066,342.2436598
13.905145,475.1544,342.2436598
13.921755,476.2053,342.2436598
13.9386,477.1566,342.2436598
13.95519,478.1673,342.2436598
13.971735,479.2104,342.2436598
13.987655,480.156,342.2436598
14.003955,481.1118,342.2436598
14.019485,482.205,349.6437478
14.037275,483.0204,349.6437478
14.052735,484.0992,349.6437478
14.06881,485.1459,349.6437478
14.085375,485.9889,349.6437478
14.10273,486.9849,349.6437478
14.11747,488.0967,349.6437478
14.133495,488.8989,349.6437478
14.14954,489.8598,349.6437478
14.1656,490.8228,349.6437478
14.182125,491.7867,355.5288061
14.20021,492.7899,355.5288061
14.21544,493.9302,355.5288061
14.231305,494.7771,355.5288061
14.246695,495.7344,355.5288061
14.262745,496.6539,355.5288061
14.280325,497.6172,355.5288061
14.29681,498.7164,355.5288061
14.314345,499.6659,355.5288061
14.330855,500.7111,360.9812208
14.346995,501.7437,360.9812208
14.36441,502.6716,360.9812208
14.38131,503.7816,360.9812208
14.397905,504.732,360.9812208
14.412745,505.7262,360.9812208
14.43036,506.6181,360.9812208
14.44689,507.7182,360.9812208
14.46258,508.665,360.9812208
14.478935,509.6055,366.3738987
14.494075,510.7002,366.3738987
14.509715,511.4994,366.3738987
14.526275,512.4342,366.3738987
14.543095,513.4956,366.3738987
14.55883,514.4379,366.3738987
14.574875,515.385,366.3738987
14.58998,516.348,366.3738987
14.60675,517.2525,366.3738987
14.62204,518.3091,372.0483489
14.637645,519.1758,372.0483489
14.655205,520.1097,372.0483489
14.67079,521.211,372.0483489
14.68755,522.099,372.0483489
14.702775,523.1079,372.0483489
14.718725,524.1378,372.0483489
14.734695,524.9745,372.0483489
14.749795,525.9321,372.0483489
14.76653,526.8369,376.8562913
14.7829,527.8488,376.8562913
14.798345,528.8415,376.8562913
14.813725,529.7553,376.8562913
14.82902,530.6823,376.8562913
14.84673,531.72,376.8562913
14.862775,532.7265,376.8562913
14.8781,533.6199,376.8562913
14.8941,534.6666,376.8562913
14.909915,535.497,376.8562913
14.927195,536.4456,382.4573441
14.943025,537.5874,382.4573441
14.958095,538.4328,382.4573441
14.97436,539.3382,382.4573441
14.990275,540.312,382.4573441
15.007885,541.284,382.4573441
15.02384,542.3304,382.4573441
15.04014,543.2826,382.4573441
15.057365,544.2621,382.4573441
15.07404,545.3178,387.8024122
15.090235,546.2988,387.8024122
15.106715,547.2654,387.8024122
15.122935,548.2602,387.8024122
15.13795,549.2283,387.8024122
15.154875,550.1322,387.8024122
15.17148,551.187,387.8024122
15.186855,552.2085,387.8024122
15.2032,553.0671,387.8024122
15.219105,554.1669,392.659889
15.23496,554.9973,392.659889
15.249945,555.9507,392.659889
15.265015,556.8474,392.659889
15.282095,557.7519,392.659889
15.29805,558.7794,392.659889
15.313885,559.7337,392.659889
15.33227,560.6835,392.659889
15.347925,561.8907,392.659889
15.36304,562.728,398.8537196
15.379105,563.6448,398.8537196
15.39496,564.723,398.8537196
15.41112,565.5495,398.8537196
15.42651,566.5188,398.8537196
15.44203,567.5193,398.8537196
15.457335,568.3722,398.8537196
15.47314,569.2941,398.8537196
15.49082,570.2406,398.8537196
15.50934,571.3743,398.8537196
15.52517,572.4207,404.0470943
15.54038,573.3609,404.0470943
15.55743,574.2792,404.0470943
15.57333,575.3517,404.0470943
15.589995,576.2547,404.0470943
15.60706,577.2537,404.0470943
15.623305,578.2785,404.0470943
15.64074,579.2547,404.0470943
15.65836,580.3623,404.0470943
15.6743,581.3634,408.9230315
15.68932,582.3093,408.9230315
15.70614,583.2117,408.9230315
15.721355,584.2785,408.9230315
15.73727,585.1344,408.9230315
15.75295,586.0887,408.9230315
15.76842,587.1486,408.9230315
15.784355,587.9565,408.9230315
15.801765,588.9129,408.9230315
15.81813,590.0244,413.4595884
15.833185,590.9385,413.4595884
15.848245,591.8424,413.4595884
15.86419,592.7457,413.4595884
15.880275,593.703,413.4595884
15.89635,594.7146,413.4595884
15.912425,595.6371,413.4595884
15.928115,596.5977,413.4595884
15.94436,597.6531,413.4595884
15.962005,598.5123,413.4595884
15.978505,599.5758,416.5883757
15.99505,600,416.5883757
16.011515,600,416.5883757
16.029405,600,416.5883757
16.04435,600,416.5883757
16.061095,600,416.5883757
16.08065,600,416.5883757
16.096515,600,416.5883757
16.11408,600,421.121893
16.13019,600,421.121893
16.145605,600,421.121893
16.161425,600,421.121893
16.180025,600,421.121893
16.197245,600,421.121893
16.21393,600,421.121893
16.231855,600,421.121893
16.2476,600,421.121893
16.264955,600,423.7231374
16.281695,600,423.7231374
16.29765,600,423.7231374
16.31354,600,423.7231374
16.331275,600,423.7231374
16.347495,600,423.7231374
16.363655,600,423.7231374
16.38188,600,423.7231374
16.39759,600,423.7231374
16.412515,600,425.1862491
16.431085,600,425.1862491
16.44665,600,425.1862491
16.462415,600,425.1862491
16.479975,600,425.1862491
16.49749,600,425.1862491
16.51356,600,425.1862491
16.53209,600,425.1862491
16.547695,600,425.1862491
16.56368,600,426.6811921
16.58411,600,426.6811921
16.599875,600,426.6811921
16.615465,600,426.6811921
16.632775,600,426.6811921
16.64856,600,426.6811921
16.6637,600,426.6811921
16.681755,600,426.6811921
16.697785,600,426.6811921
16.714735,600,428.3384632
16.731625,600,428.3384632
16.74922,600,428.3384632
16.764555,600,428.3384632
16.781995,600,428.3384632
16.7988,600,428.3384632
16.81462,600,428.3384632
16.831925,600,428.3384632
16.847655,600,428.3384632
16.862545,600,429.5918325
16.879775,600,429.5918325
16.89581,600,429.5918325
16.91331,600,429.5918325
16.92954,600,429.5918325
16.946015,600,429.5918325
16.961695,600,429.5918325
16.980115,600,429.5918325
16.99669,600,429.5918325
17.01287,600,430.2464876
17.03011,600,430.2464876
17.04588,600,430.2464876
17.06398,600,430.2464876
17.08116,600,430.2464876
17.096945,600,430.2464876
17.1128,600,430.2464876
17.13105,600,430.2464876
17.1469,600,430.2464876
17.162765,600,430.7270737
17.18266,600,430.7270737
17.1978,600,430.7270737
17.215335,600,430.7270737
17.231475,600,430.7270737
17.24789,600,430.7270737
17.2637,600,430.7270737
17.28183,600,430.7270737
17.29811,600,430.7270737
17.31385,600,431.3467803
17.333175,600,431.3467803
17.349945,600,431.3467803
17.36738,600,431.3467803
17.382725,600,431.3467803
17.39877,600,431.3467803
17.414895,600,431.3467803
17.43255,600,431.3467803
17.44791,600,431.3467803
17.463005,600,431.6290107
17.480385,600,431.6290107
17.496795,600,431.6290107
17.51183,600,431.6290107
17.53081,600,431.6290107
17.547165,600,431.6290107
17.56326,600,431.6290107
17.57921,600,431.6290107
17.594985,600,431.6290107
17.61097,600,431.7462585
17.62952,600,431.7462585
17.64495,600,431.7462585
17.660255,600,431.7462585
17.67892,600,431.7462585
17.69677,600,431.7462585
17.712255,600,431.7462585
17.72964,600,431.7462585
17.74499,600,431.7462585
17.76098,600,430.6081554
17.779025,600,430.6081554
17.79509,600,430.6081554
17.81094,600,430.6081554
17.8291,600,430.6081554
17.84516,600,430.6081554
17.86455,600,430.6081554
17.88043,600,430.6081554
17.896085,600,430.6081554
17.912115,600,430.134149
17.929855,600,430.134149
17.9462,600,430.134149
17.962,600,430.134149
17.979345,600,430.134149
